epoch,accuracy,auc,loss,val_accuracy,val_auc,val_loss
0,0.568039953708649,0.58018684387207,0.955804586410522,0.488636374473572,0.535263180732727,0.71412605047226
1,0.514357030391693,0.508497178554535,1.00816321372986,0.477272719144821,0.534210562705994,0.714629888534546
2,0.549313366413116,0.564629256725311,0.939779341220856,0.477272719144821,0.538157939910889,0.713389933109283
3,0.511860191822052,0.542004525661469,0.973917722702026,0.477272719144821,0.533157885074616,0.710746228694916
4,0.509363293647766,0.519595444202423,0.986950516700745,0.488636374473572,0.532105267047882,0.710170209407806
5,0.543071150779724,0.544177770614624,0.975867509841919,0.488636374473572,0.532105267047882,0.711537837982178
6,0.546816468238831,0.523182094097137,0.970306515693665,0.5,0.533421039581299,0.712481737136841
7,0.543071150779724,0.529578983783722,0.927816450595856,0.511363625526428,0.533157885074616,0.713699281215668
8,0.521847665309906,0.515172719955444,0.990995228290558,0.522727251052856,0.530789494514465,0.714989423751831
9,0.568039953708649,0.575531899929047,0.907440960407257,0.522727251052856,0.52842104434967,0.715786874294281
10,0.555555582046509,0.574264407157898,0.872756958007813,0.522727251052856,0.529473662376404,0.719233214855194
11,0.539325833320618,0.561191916465759,0.946471452713013,0.522727251052856,0.52605265378952,0.719664812088013
12,0.561797738075256,0.553660273551941,0.906017065048218,0.522727251052856,0.526315808296204,0.720148801803589
13,0.538077414035797,0.563305377960205,0.897266268730164,0.522727251052856,0.529999971389771,0.721107244491577
14,0.55805242061615,0.568245708942413,0.893697381019592,0.534090936183929,0.528157949447632,0.721950352191925
15,0.580524325370789,0.578016936779022,0.899301826953888,0.511363625526428,0.52921050786972,0.72292286157608
16,0.515605509281158,0.494840681552887,0.972378790378571,0.511363625526428,0.528947412967682,0.725023329257965
17,0.581772804260254,0.601428031921387,0.836677372455597,0.5,0.528684258460999,0.72529274225235
18,0.560549318790436,0.564400315284729,0.847150385379791,0.5,0.529473662376404,0.726495146751404
19,0.571785271167755,0.583318948745728,0.85187178850174,0.5,0.529210567474365,0.726962149143219
20,0.571785271167755,0.557326555252075,0.910736203193665,0.5,0.526578903198242,0.728574335575104
21,0.55805242061615,0.544625639915466,0.970434010028839,0.5,0.531842112541199,0.73088151216507
22,0.555555582046509,0.542279958724976,0.938163757324219,0.511363625526428,0.532894730567932,0.732591450214386
23,0.561797738075256,0.561032652854919,0.880981624126434,0.511363625526428,0.528157889842987,0.73366904258728
24,0.570536851882935,0.562107622623444,0.866200029850006,0.534090936183929,0.526578962802887,0.734764516353607
25,0.574282169342041,0.568617403507233,0.898048520088196,0.534090936183929,0.532105267047882,0.736449420452118
26,0.563046216964722,0.555714070796967,0.891013562679291,0.534090936183929,0.528947353363037,0.737692773342133
27,0.583021223545074,0.57793402671814,0.881631433963776,0.534090936183929,0.526315748691559,0.7401282787323
28,0.591760277748108,0.572439551353455,0.848662316799164,0.534090936183929,0.528947353363037,0.741182684898376
29,0.570536851882935,0.554841458797455,0.919936895370483,0.534090936183929,0.528947353363037,0.743615925312042
30,0.575530588626862,0.555418848991394,0.8779616355896,0.534090936183929,0.52842104434967,0.746440172195435
31,0.54556804895401,0.560783803462982,0.886005699634552,0.534090936183929,0.52763158082962,0.747271537780762
32,0.563046216964722,0.530335545539856,0.933573544025421,0.545454561710358,0.52684211730957,0.748732149600983
33,0.573033690452576,0.563129544258118,0.857776641845703,0.545454561710358,0.530263125896454,0.750405490398407
34,0.632958829402924,0.618408977985382,0.891824543476105,0.545454561710358,0.52763158082962,0.752010881900787
35,0.581772804260254,0.578859686851501,0.915054202079773,0.545454561710358,0.529736816883087,0.753256738185883
36,0.620474398136139,0.59724086523056,0.909419476985931,0.545454561710358,0.531052649021149,0.755281865596771
37,0.593008756637573,0.571079254150391,0.897110879421234,0.545454561710358,0.528947353363037,0.756861329078674
38,0.599250912666321,0.585090696811676,0.891689240932465,0.545454561710358,0.529473662376404,0.758405864238739
39,0.602996230125427,0.601554155349731,0.801648914813995,0.545454561710358,0.532631576061249,0.759446561336517
40,0.607990026473999,0.604643046855927,0.810816526412964,0.545454561710358,0.532368421554565,0.760924279689789
41,0.602996230125427,0.605283439159393,0.806571960449219,0.545454561710358,0.531842052936554,0.762823641300201
42,0.61048686504364,0.59741336107254,0.892063617706299,0.545454561710358,0.531315803527832,0.764797389507294
43,0.586766541004181,0.578365325927734,0.858935236930847,0.545454561710358,0.532105267047882,0.766540169715881
44,0.630461931228638,0.623266398906708,0.854013681411743,0.545454561710358,0.531842052936554,0.769254863262177
45,0.606741547584534,0.579211413860321,0.876894056797028,0.545454561710358,0.533157885074616,0.770559728145599
46,0.629213511943817,0.610595405101776,0.820751845836639,0.545454561710358,0.532894730567932,0.772710978984833
47,0.601747810840607,0.592492938041687,0.855686068534851,0.545454561710358,0.532894730567932,0.774011194705963
48,0.599250912666321,0.6060631275177,0.846221566200256,0.545454561710358,0.534999966621399,0.774804532527924
49,0.595505595207214,0.579082012176514,0.8510382771492,0.545454561710358,0.533157885074616,0.775965273380279
50,0.61048686504364,0.602503001689911,0.856226623058319,0.545454561710358,0.534210503101349,0.77767539024353
51,0.644194781780243,0.641763687133789,0.76310920715332,0.545454561710358,0.53394740819931,0.77963137626648
52,0.622971296310425,0.619712948799133,0.783140957355499,0.545454561710358,0.533157885074616,0.780750691890717
53,0.620474398136139,0.610041260719299,0.839850902557373,0.545454561710358,0.533157885074616,0.781798779964447
54,0.605493128299713,0.58305686712265,0.84137350320816,0.545454561710358,0.533947348594666,0.78416246175766
55,0.627965033054352,0.62079781293869,0.810035407543182,0.545454561710358,0.536052644252777,0.784861147403717
56,0.60923844575882,0.590970039367676,0.826206266880035,0.545454561710358,0.535789430141449,0.785767018795013
57,0.607990026473999,0.605645060539246,0.85109668970108,0.545454561710358,0.53394740819931,0.787521362304688
58,0.62172281742096,0.613126933574677,0.802333950996399,0.545454561710358,0.532105267047882,0.790491163730621
59,0.611735343933106,0.6060631275177,0.847170233726501,0.545454561710358,0.535000026226044,0.790418088436127
60,0.64918851852417,0.659497857093811,0.786574184894562,0.545454561710358,0.534736812114716,0.790442049503326
61,0.612983763217926,0.572588920593262,0.885996639728546,0.545454561710358,0.534999966621399,0.792843997478485
62,0.589263439178467,0.573089838027954,0.882101237773895,0.545454561710358,0.533947348594666,0.793541967868805
63,0.61048686504364,0.602280676364899,0.844449579715729,0.545454561710358,0.534210503101349,0.79491400718689
64,0.614232182502747,0.602191090583801,0.861655533313751,0.545454561710358,0.535263121128082,0.796603977680206
65,0.606741547584534,0.604238271713257,0.892825901508331,0.545454561710358,0.533157885074616,0.797947824001312
66,0.614232182502747,0.602479755878449,0.832123398780823,0.545454561710358,0.535526275634766,0.7990682721138
67,0.607990026473999,0.596441209316254,0.835010170936585,0.545454561710358,0.533684194087982,0.801087617874146
68,0.600499391555786,0.584991157054901,0.900036752223969,0.545454561710358,0.533947348594666,0.804387152194977
69,0.614232182502747,0.595694720745087,0.84243905544281,0.545454561710358,0.533157885074616,0.808056056499481
70,0.630461931228638,0.632148385047913,0.788512170314789,0.545454561710358,0.533684194087982,0.808738708496094
71,0.615480661392212,0.619410991668701,0.825125277042389,0.545454561710358,0.537631571292877,0.808331847190857
72,0.630461931228638,0.637447118759155,0.817310035228729,0.545454561710358,0.534736812114716,0.807437360286713
73,0.637952566146851,0.619789242744446,0.817916333675385,0.545454561710358,0.534210503101349,0.808310091495514
74,0.619225978851318,0.622052073478699,0.817021191120148,0.545454561710358,0.538157880306244,0.807271718978882
75,0.601747810840607,0.56339830160141,0.871839821338654,0.545454561710358,0.538157880306244,0.808368682861328
76,0.602996230125427,0.585512101650238,0.889855086803436,0.545454561710358,0.537105262279511,0.809493064880371
77,0.617977499961853,0.627898216247559,0.798992156982422,0.545454561710358,0.536578953266144,0.81000429391861
78,0.647940099239349,0.621415019035339,0.791001975536346,0.545454561710358,0.538684189319611,0.811113953590393
79,0.624219715595245,0.623638033866882,0.779144942760468,0.545454561710358,0.537105262279511,0.811853587627411
80,0.611735343933106,0.596709966659546,0.838293850421906,0.545454561710358,0.537105262279511,0.812757432460785
81,0.631710350513458,0.638545274734497,0.778502881526947,0.545454561710358,0.538421034812927,0.813850581645966
82,0.615480661392212,0.609234988689423,0.84605610370636,0.545454561710358,0.539210557937622,0.815630555152893
83,0.641697883605957,0.602941036224365,0.862364530563355,0.545454561710358,0.53631579875946,0.816700160503387
84,0.651685416698456,0.631882965564728,0.793990731239319,0.545454561710358,0.536052644252777,0.817344486713409
85,0.614232182502747,0.611288785934448,0.777058005332947,0.545454561710358,0.536578953266144,0.818038761615753
86,0.630461931228638,0.609135448932648,0.830773413181305,0.545454561710358,0.538157880306244,0.818580627441406
87,0.624219715595245,0.599553406238556,0.843771159648895,0.545454561710358,0.538947403430939,0.818893432617188
88,0.605493128299713,0.610588729381561,0.820720613002777,0.545454561710358,0.538421094417572,0.818956911563873
89,0.645443201065064,0.627287685871124,0.835388898849487,0.545454561710358,0.536842107772827,0.819666147232056
90,0.639200985431671,0.645628929138184,0.787231385707855,0.545454561710358,0.537368416786194,0.820345938205719
91,0.615480661392212,0.603322565555573,0.824745178222656,0.545454561710358,0.540263116359711,0.82094007730484
92,0.616729080677033,0.617566287517548,0.816312193870544,0.545454561710358,0.538947403430939,0.821999549865723
93,0.615480661392212,0.610386371612549,0.857872903347015,0.545454561710358,0.538684189319611,0.822933733463287
94,0.634207248687744,0.602841436862946,0.855953395366669,0.545454561710358,0.539210498332977,0.823671579360962
95,0.655430734157562,0.634328246116638,0.804412603378296,0.545454561710358,0.540526330471039,0.825749635696411
96,0.640449464321137,0.639494240283966,0.771620631217956,0.545454561710358,0.540789425373077,0.82664430141449
97,0.616729080677033,0.599234879016876,0.861025989055633,0.545454561710358,0.540526330471039,0.826499044895172
98,0.62172281742096,0.641826748847961,0.78300541639328,0.545454561710358,0.540526330471039,0.826590895652771
99,0.647940099239349,0.662138879299164,0.785709202289581,0.545454561710358,0.540789425373077,0.82659375667572
100,0.64918851852417,0.631328880786896,0.798603713512421,0.545454561710358,0.540789425373077,0.826929986476898
101,0.64918851852417,0.615525722503662,0.892293691635132,0.545454561710358,0.540263116359711,0.828159511089325
102,0.647940099239349,0.644762992858887,0.797641038894653,0.545454561710358,0.540263116359711,0.828594624996185
103,0.640449464321137,0.644490897655487,0.782995700836181,0.545454561710358,0.539473712444305,0.829116821289063
104,0.63670414686203,0.622825086116791,0.807099044322968,0.545454561710358,0.541315734386444,0.829553067684174
105,0.626716613769531,0.607841551303864,0.822164952754974,0.545454561710358,0.542105257511139,0.830284714698792
106,0.637952566146851,0.606803059577942,0.829916000366211,0.545454561710358,0.540263175964356,0.831059038639069
107,0.605493128299713,0.590804159641266,0.866049230098724,0.545454561710358,0.541842103004456,0.831202328205108
108,0.635455667972565,0.624338030815125,0.809163093566895,0.545454561710358,0.540526330471039,0.831763446331024
109,0.617977499961853,0.597864627838135,0.85667759180069,0.545454561710358,0.542105257511139,0.832758486270904
110,0.627965033054352,0.623362541198731,0.802600860595703,0.545454561710358,0.542368412017822,0.834257364273071
111,0.646691620349884,0.653154015541077,0.814384698867798,0.545454561710358,0.543947398662567,0.834354221820831
112,0.616729080677033,0.599095523357391,0.891080379486084,0.545454561710358,0.543684184551239,0.834697365760803
113,0.641697883605957,0.619235098361969,0.830905795097351,0.545454561710358,0.543157875537872,0.835602521896362
114,0.620474398136139,0.600495755672455,0.88066166639328,0.545454561710358,0.544210493564606,0.836181282997131
115,0.657927572727203,0.652215003967285,0.778027236461639,0.545454561710358,0.541315793991089,0.836360514163971
116,0.632958829402924,0.593425273895264,0.844374477863312,0.545454561710358,0.544473707675934,0.835865557193756
117,0.651685416698456,0.630200743675232,0.787189483642578,0.545454561710358,0.545263111591339,0.835541963577271
118,0.647940099239349,0.640579164028168,0.764041841030121,0.545454561710358,0.546578943729401,0.836227834224701
119,0.631710350513458,0.630678594112396,0.835720181465149,0.545454561710358,0.546578943729401,0.836750090122223
120,0.627965033054352,0.626000344753265,0.811627984046936,0.545454561710358,0.544736862182617,0.837134957313538
121,0.640449464321137,0.60992842912674,0.852362155914306,0.545454561710358,0.546315789222717,0.837793111801147
122,0.641697883605957,0.646040380001068,0.76963472366333,0.545454561710358,0.544736802577972,0.838388621807098
123,0.622971296310425,0.618289589881897,0.824450194835663,0.545454561710358,0.544736802577972,0.839668452739716
124,0.665418207645416,0.656674265861511,0.786202788352966,0.545454561710358,0.545000016689301,0.839159548282623
125,0.654182255268097,0.651488423347473,0.762164354324341,0.545454561710358,0.545526325702667,0.838770449161529
126,0.674157321453095,0.680884957313538,0.737698078155518,0.545454561710358,0.544473707675934,0.839783906936646
127,0.614232182502747,0.587967276573181,0.864352822303772,0.545454561710358,0.547631561756134,0.83916562795639
128,0.639200985431671,0.619752705097199,0.864051699638367,0.545454561710358,0.546052634716034,0.839919865131378
129,0.637952566146851,0.645658850669861,0.768932580947876,0.545454561710358,0.545789480209351,0.840129673480987
130,0.639200985431671,0.617115020751953,0.818562507629395,0.545454561710358,0.546052634716034,0.841034352779388
131,0.63670414686203,0.610419511795044,0.871890723705292,0.545454561710358,0.546578943729401,0.842529475688934
132,0.64918851852417,0.63543975353241,0.79959374666214,0.545454561710358,0.545526325702667,0.84243655204773
133,0.644194781780243,0.633435726165772,0.800511956214905,0.545454561710358,0.545263111591339,0.843102514743805
134,0.637952566146851,0.6491459608078,0.773930072784424,0.545454561710358,0.545263111591339,0.843113124370575
135,0.635455667972565,0.602861344814301,0.849634647369385,0.545454561710358,0.546315729618073,0.844426393508911
136,0.656679153442383,0.650353670120239,0.79720801115036,0.545454561710358,0.544473707675934,0.845536649227142
137,0.667915105819702,0.6383296251297,0.779548764228821,0.545454561710358,0.546578943729401,0.846475422382355
138,0.659176051616669,0.646189689636231,0.841631352901459,0.545454561710358,0.545526325702667,0.847155749797821
139,0.630461931228638,0.630778074264526,0.825476348400116,0.545454561710358,0.546842098236084,0.84699159860611
140,0.659176051616669,0.65881758928299,0.793324887752533,0.545454561710358,0.545526325702667,0.845812022686004
141,0.641697883605957,0.637344181537628,0.788584351539612,0.545454561710358,0.547368466854095,0.846202790737152
142,0.650436937808991,0.638780832290649,0.795872449874878,0.545454561710358,0.546315789222717,0.846387445926666
143,0.676654160022736,0.684013724327087,0.72216135263443,0.545454561710358,0.549210488796234,0.846421182155609
144,0.640449464321137,0.631212770938873,0.833409249782562,0.545454561710358,0.545789480209351,0.845904290676117
145,0.645443201065064,0.634779453277588,0.845851004123688,0.545454561710358,0.548421084880829,0.845561802387237
146,0.626716613769531,0.625572323799133,0.783627986907959,0.545454561710358,0.548947334289551,0.846231281757355
147,0.639200985431671,0.653203785419464,0.780871391296387,0.545454561710358,0.544473648071289,0.848249971866608
148,0.652933835983276,0.652828812599182,0.775786459445953,0.545454561710358,0.545789420604706,0.848829984664917
149,0.629213511943817,0.632108628749847,0.811057806015015,0.545454561710358,0.546842098236084,0.849462270736694
150,0.64918851852417,0.638293147087097,0.805080831050873,0.545454561710358,0.548157930374146,0.850833535194397
151,0.64918851852417,0.646372258663178,0.751406311988831,0.545454561710358,0.546842038631439,0.85040956735611
152,0.631710350513458,0.610333204269409,0.836708605289459,0.545454561710358,0.547368466854095,0.850304663181305
153,0.632958829402924,0.634527325630188,0.804964780807495,0.545454561710358,0.548421025276184,0.851518988609314
154,0.657927572727203,0.652284681797028,0.785118579864502,0.545454561710358,0.547631561756134,0.853568136692047
155,0.654182255268097,0.643893778324127,0.788911938667297,0.545454561710358,0.542631566524506,0.856246054172516
156,0.674157321453095,0.668847620487213,0.785605072975159,0.545454561710358,0.544473707675934,0.855838179588318
157,0.66167289018631,0.649182498455048,0.80268931388855,0.545454561710358,0.543684184551239,0.856374979019165
158,0.64918851852417,0.642201602458954,0.792493283748627,0.545454561710358,0.545263171195984,0.858038306236267
159,0.641697883605957,0.651047110557556,0.774279296398163,0.545454561710358,0.542368412017822,0.858228325843811
160,0.652933835983276,0.651806950569153,0.806693971157074,0.545454561710358,0.543157875537872,0.857834100723267
161,0.640449464321137,0.62134200334549,0.856388628482819,0.545454561710358,0.545263111591339,0.858316361904144
162,0.667915105819702,0.686259925365448,0.716938555240631,0.545454561710358,0.546842098236084,0.857415974140167
163,0.652933835983276,0.644640326499939,0.791868984699249,0.545454561710358,0.544999957084656,0.856694042682648
164,0.674157321453095,0.675961196422577,0.751318871974945,0.545454561710358,0.546315789222717,0.85620778799057
165,0.662921369075775,0.623429000377655,0.82538115978241,0.545454561710358,0.545526325702667,0.856226325035095
166,0.646691620349884,0.636365413665772,0.80950129032135,0.545454561710358,0.544473707675934,0.856427252292633
167,0.66167289018631,0.664046585559845,0.776975572109222,0.545454561710358,0.544736862182617,0.855947852134705
168,0.644194781780243,0.619981646537781,0.829181730747223,0.545454561710358,0.544736802577972,0.854715526103973
169,0.66167289018631,0.665446817874908,0.779562890529633,0.545454561710358,0.545526325702667,0.853307008743286
170,0.637952566146851,0.636660695075989,0.818153381347656,0.545454561710358,0.545526325702667,0.853510320186615
171,0.641697883605957,0.643628358840942,0.799225568771362,0.545454561710358,0.545000016689301,0.85418039560318
172,0.637952566146851,0.640778243541718,0.782429575920105,0.545454561710358,0.546578884124756,0.853780031204224
173,0.627965033054352,0.597808241844177,0.85295706987381,0.545454561710358,0.546578943729401,0.854786455631256
174,0.650436937808991,0.642500221729279,0.773310482501983,0.545454561710358,0.547631561756134,0.856652855873108
175,0.660424470901489,0.659667015075684,0.768672823905945,0.545454561710358,0.546578943729401,0.859075784683227
176,0.640449464321137,0.636471629142761,0.751601994037628,0.534090936183929,0.545263171195984,0.860226690769196
177,0.637952566146851,0.636644124984741,0.814075648784637,0.534090936183929,0.547894775867462,0.860151469707489
178,0.662921369075775,0.657818973064423,0.751821517944336,0.545454561710358,0.546315729618073,0.860588610172272
179,0.629213511943817,0.636932790279388,0.799628376960754,0.545454561710358,0.545526325702667,0.859820365905762
180,0.662921369075775,0.650867998600006,0.767034590244293,0.545454561710358,0.546052634716034,0.859935700893402
181,0.670412003993988,0.662530362606049,0.753601014614105,0.545454561710358,0.546052634716034,0.859447836875916
182,0.667915105819702,0.662102341651917,0.753012120723724,0.545454561710358,0.547631561756134,0.859746932983398
183,0.666666686534882,0.664365172386169,0.752279341220856,0.545454561710358,0.546052634716034,0.860190033912659
184,0.664169788360596,0.670460164546967,0.758244574069977,0.545454561710358,0.546842157840729,0.859560906887054
185,0.642946302890778,0.631455004215241,0.780677676200867,0.545454561710358,0.547105252742767,0.858744382858276
186,0.637952566146851,0.640293836593628,0.783887565135956,0.545454561710358,0.548157870769501,0.857403814792633
187,0.675405740737915,0.672440886497498,0.758957743644714,0.545454561710358,0.546842038631439,0.85712742805481
188,0.655430734157562,0.640751719474793,0.81402724981308,0.545454561710358,0.548157870769501,0.856331646442413
189,0.659176051616669,0.652520298957825,0.79330575466156,0.545454561710358,0.548421025276184,0.853048503398895
190,0.637952566146851,0.636634171009064,0.812490105628967,0.545454561710358,0.550000011920929,0.851909399032593
191,0.657927572727203,0.64402973651886,0.823433816432953,0.545454561710358,0.550789415836334,0.851762175559998
192,0.635455667972565,0.644534111022949,0.78272271156311,0.545454561710358,0.551315724849701,0.851929724216461
193,0.66167289018631,0.662264943122864,0.760962784290314,0.545454561710358,0.551842033863068,0.851615488529205
194,0.66167289018631,0.650814831256866,0.774243772029877,0.545454561710358,0.548421025276184,0.851307928562164
195,0.670412003993988,0.643031060695648,0.772321879863739,0.545454561710358,0.552105247974396,0.850903332233429
196,0.650436937808991,0.634451031684876,0.835725367069244,0.545454561710358,0.549473702907562,0.850648701190949
197,0.650436937808991,0.662447452545166,0.772283375263214,0.545454561710358,0.548421025276184,0.854962289333344
198,0.682896375656128,0.697079658508301,0.712664306163788,0.545454561710358,0.548947393894196,0.855081140995026
199,0.662921369075775,0.638953387737274,0.806869506835938,0.545454561710358,0.549473702907562,0.854966938495636
200,0.667915105819702,0.646431863307953,0.777567863464356,0.545454561710358,0.551315784454346,0.854508340358734
201,0.657927572727203,0.656803727149963,0.755641579627991,0.545454561710358,0.549736797809601,0.854108572006226
202,0.66167289018631,0.653213679790497,0.76496809720993,0.545454561710358,0.552368462085724,0.853725075721741
203,0.645443201065064,0.64331316947937,0.805357277393341,0.545454561710358,0.552368342876434,0.85233074426651
204,0.667915105819702,0.64340603351593,0.795198380947113,0.545454561710358,0.552368342876434,0.851991593837738
205,0.645443201065064,0.651524901390076,0.784172773361206,0.545454561710358,0.552368402481079,0.852362811565399
206,0.660424470901489,0.639470994472504,0.791293799877167,0.545454561710358,0.552631556987762,0.852155447006226
207,0.682896375656128,0.680901527404785,0.747233808040619,0.545454561710358,0.553157866001129,0.851866126060486
208,0.640449464321137,0.642659485340118,0.818152785301209,0.545454561710358,0.553157866001129,0.851731717586517
209,0.671660423278809,0.666020750999451,0.7616286277771,0.545454561710358,0.550789475440979,0.850570857524872
210,0.655430734157562,0.661846876144409,0.776232540607452,0.545454561710358,0.551052629947662,0.849899530410767
211,0.639200985431671,0.633230030536652,0.797925114631653,0.545454561710358,0.553947389125824,0.849706709384918
212,0.630461931228638,0.628710985183716,0.845286369323731,0.545454561710358,0.553947329521179,0.849291026592254
213,0.63670414686203,0.636342227458954,0.788548290729523,0.545454561710358,0.553684175014496,0.849279344081879
214,0.645443201065064,0.658031225204468,0.818381249904633,0.545454561710358,0.553684175014496,0.848336160182953
215,0.659176051616669,0.635273814201355,0.773926138877869,0.545454561710358,0.552894771099091,0.848029911518097
216,0.651685416698456,0.640549302101135,0.764275372028351,0.545454561710358,0.554210484027862,0.847851693630219
217,0.675405740737915,0.649401426315308,0.742629051208496,0.545454561710358,0.552894711494446,0.848461925983429
218,0.647940099239349,0.658611953258514,0.809990882873535,0.545454561710358,0.552368462085724,0.847675144672394
219,0.631710350513458,0.626089870929718,0.82685512304306,0.545454561710358,0.552894711494446,0.847027540206909
220,0.676654160022736,0.67551988363266,0.725196123123169,0.545454561710358,0.553157866001129,0.847009301185608
221,0.616729080677033,0.634570479393005,0.78363311290741,0.545454561710358,0.553157866001129,0.847149074077606
222,0.656679153442383,0.651126742362976,0.80850750207901,0.545454561710358,0.552894711494446,0.847182512283325
223,0.665418207645416,0.6635622382164,0.73549872636795,0.545454561710358,0.552894711494446,0.846886217594147
224,0.664169788360596,0.676565110683441,0.749179720878601,0.545454561710358,0.553157866001129,0.846836149692535
225,0.639200985431671,0.643900394439697,0.801147639751434,0.545454561710358,0.552894711494446,0.847598493099213
226,0.66167289018631,0.650512874126434,0.785829603672028,0.545454561710358,0.554473698139191,0.848456144332886
227,0.654182255268097,0.644417941570282,0.756304621696472,0.545454561710358,0.555263161659241,0.848224997520447
228,0.656679153442383,0.659212410449982,0.772381365299225,0.545454561710358,0.553684175014496,0.849110007286072
229,0.650436937808991,0.638346195220947,0.808275163173676,0.545454561710358,0.554210484027862,0.849074304103851
230,0.641697883605957,0.646305859088898,0.804862022399902,0.545454561710358,0.554210484027862,0.849834799766541
231,0.656679153442383,0.666488587856293,0.764209866523743,0.545454561710358,0.553684175014496,0.84903472661972
232,0.637952566146851,0.642404019832611,0.808931589126587,0.545454561710358,0.553947389125824,0.848374605178833
233,0.651685416698456,0.65246719121933,0.779112994670868,0.545454561710358,0.553947389125824,0.847495138645172
234,0.657927572727203,0.65291178226471,0.748372912406921,0.534090936183929,0.553947389125824,0.847210466861725
235,0.669163525104523,0.680695831775665,0.694039344787598,0.545454561710358,0.553421020507813,0.846586287021637
236,0.654182255268097,0.672274947166443,0.716052114963532,0.534090936183929,0.553947389125824,0.846665799617767
237,0.639200985431671,0.630290329456329,0.809568703174591,0.534090936183929,0.553947389125824,0.845961511135101
238,0.662921369075775,0.652032613754272,0.799480855464935,0.534090936183929,0.553947389125824,0.846084594726563
239,0.652933835983276,0.644006490707397,0.814671814441681,0.534090936183929,0.553947389125824,0.847606837749481
240,0.682896375656128,0.686747670173645,0.732917487621307,0.534090936183929,0.554473698139191,0.846349895000458
241,0.659176051616669,0.676226675510407,0.752956449985504,0.545454561710358,0.554210484027862,0.84537798166275
242,0.667915105819702,0.685111999511719,0.715508878231049,0.545454561710358,0.554736793041229,0.845488607883453
243,0.639200985431671,0.635170996189117,0.801156520843506,0.545454561710358,0.555526256561279,0.84465366601944
244,0.650436937808991,0.636544585227966,0.77627569437027,0.545454561710358,0.554736793041229,0.844609498977661
245,0.655430734157562,0.649086236953735,0.748612344264984,0.545454561710358,0.554210543632507,0.8453169465065
246,0.669163525104523,0.655051827430725,0.750407338142395,0.545454561710358,0.553947389125824,0.845841348171234
247,0.66167289018631,0.665728867053986,0.727187275886535,0.545454561710358,0.555263161659241,0.845212161540985
248,0.641697883605957,0.65282553434372,0.755190134048462,0.545454561710358,0.554473698139191,0.845693230628967
249,0.679151058197022,0.673602223396301,0.737859547138214,0.545454561710358,0.554210484027862,0.845769107341766
250,0.64918851852417,0.655791699886322,0.737229645252228,0.534090936183929,0.555526316165924,0.845949172973633
251,0.63670414686203,0.637420535087585,0.784571647644043,0.534090936183929,0.556052625179291,0.845981419086456
252,0.666666686534882,0.670516550540924,0.756799817085266,0.534090936183929,0.555789530277252,0.846116840839386
253,0.662921369075775,0.672175467014313,0.715329527854919,0.534090936183929,0.555789530277252,0.846947431564331
254,0.637952566146851,0.638784170150757,0.789020419120789,0.534090936183929,0.556315720081329,0.846422433853149
255,0.629213511943817,0.613780558109283,0.811451494693756,0.534090936183929,0.556315779685974,0.846612751483917
256,0.659176051616669,0.659643769264221,0.748821675777435,0.534090936183929,0.555263161659241,0.846315443515778
257,0.666666686534882,0.651644349098206,0.775361299514771,0.534090936183929,0.554736793041229,0.845965623855591
258,0.664169788360596,0.646743834018707,0.776704609394074,0.534090936183929,0.555000007152557,0.845228433609009
259,0.659176051616669,0.657108962535858,0.796182513237,0.534090936183929,0.556052625179291,0.844848394393921
260,0.662921369075775,0.671880185604095,0.748260915279388,0.534090936183929,0.554736793041229,0.844387590885162
261,0.630461931228638,0.635592401027679,0.791210532188416,0.534090936183929,0.555526316165924,0.844800055027008
262,0.666666686534882,0.665450155735016,0.77601021528244,0.534090936183929,0.555789470672607,0.843640685081482
263,0.666666686534882,0.663585543632507,0.77245569229126,0.534090936183929,0.557105243206024,0.843915939331055
264,0.642946302890778,0.644802808761597,0.788029372692108,0.534090936183929,0.555789470672607,0.84447705745697
265,0.646691620349884,0.662772536277771,0.762300193309784,0.534090936183929,0.556842148303986,0.844016015529633
266,0.639200985431671,0.62126237154007,0.794817507266998,0.534090936183929,0.556578934192658,0.843778669834137
267,0.655430734157562,0.650582611560822,0.782453715801239,0.534090936183929,0.556578934192658,0.844079971313477
268,0.645443201065064,0.64394348859787,0.76261705160141,0.522727251052856,0.556578934192658,0.8448646068573
269,0.666666686534882,0.675304293632507,0.739054083824158,0.534090936183929,0.556315779685974,0.844510853290558
270,0.665418207645416,0.644494295120239,0.834205627441406,0.534090936183929,0.556578934192658,0.84437757730484
271,0.682896375656128,0.687275230884552,0.724812150001526,0.534090936183929,0.556842088699341,0.844477474689483
272,0.662921369075775,0.666518449783325,0.774260699748993,0.534090936183929,0.557368457317352,0.843184411525726
273,0.644194781780243,0.654703438282013,0.757362723350525,0.545454561710358,0.557368457317352,0.843233525753021
274,0.662921369075775,0.675569653511047,0.767410278320313,0.545454561710358,0.556842148303986,0.841310143470764
275,0.657927572727203,0.654849410057068,0.787393271923065,0.545454561710358,0.557368457317352,0.840586245059967
276,0.680399477481842,0.695072293281555,0.675290465354919,0.545454561710358,0.557105243206024,0.84039705991745
277,0.647940099239349,0.643405973911285,0.795774519443512,0.534090936183929,0.556842088699341,0.840882122516632
278,0.671660423278809,0.687981963157654,0.689961731433868,0.534090936183929,0.556842029094696,0.841970205307007
279,0.651685416698456,0.658505797386169,0.775226473808289,0.545454561710358,0.557631552219391,0.841472804546356
280,0.674157321453095,0.672291576862335,0.736682116985321,0.545454561710358,0.557368457317352,0.840910017490387
281,0.64918851852417,0.65186995267868,0.787764370441437,0.545454561710358,0.559473693370819,0.841548204421997
282,0.656679153442383,0.662692964076996,0.759770214557648,0.545454561710358,0.558157861232758,0.841471254825592
283,0.650436937808991,0.64292824268341,0.803244054317474,0.534090936183929,0.557894706726074,0.841596841812134
284,0.640449464321137,0.642248153686523,0.776605546474457,0.534090936183929,0.558421075344086,0.842414617538452
285,0.650436937808991,0.647994637489319,0.778965055942535,0.522727251052856,0.556842148303986,0.845917165279388
286,0.666666686534882,0.6746506690979,0.747844338417053,0.545454561710358,0.558421015739441,0.844371438026428
287,0.666666686534882,0.669833064079285,0.737722873687744,0.534090936183929,0.558157861232758,0.844085693359375
288,0.669163525104523,0.669773280620575,0.747929811477661,0.534090936183929,0.558157861232758,0.844283044338226
289,0.642946302890778,0.648870587348938,0.777514159679413,0.545454561710358,0.558421075344086,0.844104170799255
290,0.652933835983276,0.649919033050537,0.789240062236786,0.534090936183929,0.558157920837402,0.844706118106842
291,0.667915105819702,0.663127601146698,0.761710226535797,0.522727251052856,0.557631552219391,0.846494436264038
292,0.667915105819702,0.658555507659912,0.758889257907867,0.522727251052856,0.557631552219391,0.846686542034149
293,0.669163525104523,0.673068046569824,0.710264146327972,0.522727251052856,0.558157861232758,0.846884965896606
294,0.655430734157562,0.64966356754303,0.853145301342011,0.522727251052856,0.557894766330719,0.846849024295807
295,0.666666686534882,0.669166147708893,0.75694751739502,0.545454561710358,0.558947384357452,0.846737504005432
296,0.662921369075775,0.679302275180817,0.747666418552399,0.545454561710358,0.558421075344086,0.845762431621552
297,0.639200985431671,0.661660969257355,0.7654669880867,0.545454561710358,0.559210538864136,0.844544053077698
298,0.660424470901489,0.65221506357193,0.802638590335846,0.545454561710358,0.558684170246124,0.844393491744995
299,0.651685416698456,0.666143536567688,0.760784149169922,0.545454561710358,0.560263156890869,0.844152688980102
300,0.646691620349884,0.66313087940216,0.736923456192017,0.545454561710358,0.559210538864136,0.843895316123962
301,0.659176051616669,0.666143536567688,0.760177552700043,0.545454561710358,0.558421075344086,0.844095468521118
302,0.669163525104523,0.670579552650452,0.735896289348602,0.545454561710358,0.559473693370819,0.844006478786469
303,0.697877645492554,0.70074588060379,0.69216376543045,0.545454561710358,0.560000002384186,0.843442976474762
304,0.669163525104523,0.673841059207916,0.752741098403931,0.545454561710358,0.560526311397553,0.842185795307159
305,0.66167289018631,0.679488122463226,0.766411364078522,0.545454561710358,0.561842143535614,0.84178352355957
306,0.681647956371307,0.655247569084168,0.72638213634491,0.545454561710358,0.560789525508881,0.842008054256439
307,0.680399477481842,0.672394454479218,0.728396058082581,0.545454561710358,0.559210479259491,0.844130098819733
308,0.675405740737915,0.704432010650635,0.700958967208862,0.545454561710358,0.560263156890869,0.843410909175873
309,0.671660423278809,0.672719597816467,0.749150693416595,0.545454561710358,0.560000002384186,0.84283447265625
310,0.671660423278809,0.67567253112793,0.707830011844635,0.545454561710358,0.560000002384186,0.84193879365921
311,0.652933835983276,0.662450730800629,0.731469631195068,0.545454561710358,0.561052620410919,0.841811001300812
312,0.662921369075775,0.670443534851074,0.760444581508637,0.545454561710358,0.561315715312958,0.841101288795471
313,0.655430734157562,0.65483283996582,0.728688538074493,0.545454561710358,0.563421010971069,0.838335931301117
314,0.672908842563629,0.6813924908638,0.762605249881744,0.545454561710358,0.563421070575714,0.838068902492523
315,0.664169788360596,0.661150097846985,0.764422655105591,0.545454561710358,0.563684225082397,0.837968468666077
316,0.650436937808991,0.663240373134613,0.769664645195007,0.545454561710358,0.562368392944336,0.837350249290466
317,0.641697883605957,0.658956944942474,0.759741544723511,0.545454561710358,0.562631607055664,0.837241113185883
318,0.662921369075775,0.667908728122711,0.736413598060608,0.545454561710358,0.563157916069031,0.836657583713532
319,0.669163525104523,0.680951297283173,0.753283560276032,0.545454561710358,0.563157856464386,0.836108148097992
320,0.625468194484711,0.617473423480987,0.789258122444153,0.545454561710358,0.562631607055664,0.836990535259247
321,0.664169788360596,0.665791809558868,0.75521183013916,0.545454561710358,0.561315834522247,0.841369867324829
322,0.662921369075775,0.66387414932251,0.736663460731506,0.534090936183929,0.560526311397553,0.841263353824616
323,0.656679153442383,0.647795557975769,0.801143825054169,0.534090936183929,0.561578929424286,0.840446889400482
324,0.677902638912201,0.669451534748077,0.726257145404816,0.534090936183929,0.562105238437653,0.840507090091705
325,0.650436937808991,0.664242386817932,0.739828228950501,0.534090936183929,0.561315774917603,0.84033864736557
326,0.662921369075775,0.656103610992432,0.742484927177429,0.534090936183929,0.561578929424286,0.839375913143158
327,0.671660423278809,0.676442265510559,0.743559181690216,0.534090936183929,0.560789465904236,0.838238775730133
328,0.659176051616669,0.644547402858734,0.761787176132202,0.534090936183929,0.561052620410919,0.83845067024231
329,0.676654160022736,0.69842004776001,0.718411207199097,0.534090936183929,0.561052620410919,0.838135004043579
330,0.669163525104523,0.666392326354981,0.751974999904633,0.534090936183929,0.561842083930969,0.83775806427002
331,0.684144794940949,0.706173956394196,0.675834715366364,0.534090936183929,0.561315774917603,0.836637556552887
332,0.655430734157562,0.673499345779419,0.74993896484375,0.534090936183929,0.561052620410919,0.835699796676636
333,0.655430734157562,0.673977077007294,0.774239778518677,0.534090936183929,0.561052620410919,0.835506081581116
334,0.664169788360596,0.684750258922577,0.723022937774658,0.545454561710358,0.562894761562347,0.835194170475006
335,0.665418207645416,0.671541750431061,0.72389942407608,0.545454561710358,0.562631547451019,0.834909677505493
336,0.655430734157562,0.671843707561493,0.743254601955414,0.545454561710358,0.562631547451019,0.835013926029205
337,0.681647956371307,0.68401700258255,0.70980566740036,0.545454561710358,0.562368392944336,0.834837198257446
338,0.672908842563629,0.669637322425842,0.75147807598114,0.545454561710358,0.562105238437653,0.833965063095093
339,0.641697883605957,0.636856436729431,0.800044476985931,0.545454561710358,0.562368392944336,0.834019660949707
340,0.664169788360596,0.650841414928436,0.753657758235931,0.545454561710358,0.564210534095764,0.833813905715942
341,0.664169788360596,0.669789969921112,0.771153151988983,0.545454561710358,0.563421070575714,0.833890497684479
342,0.652933835983276,0.650984108448029,0.777097105979919,0.545454561710358,0.563421070575714,0.833611071109772
343,0.691635429859161,0.696299850940704,0.701929748058319,0.545454561710358,0.563157856464386,0.833690881729126
344,0.669163525104523,0.673777997493744,0.733211576938629,0.545454561710358,0.563684165477753,0.833130240440369
345,0.666666686534882,0.654736638069153,0.770601332187653,0.545454561710358,0.563684225082397,0.833950042724609
346,0.685393273830414,0.691200256347656,0.70576822757721,0.545454561710358,0.563157856464386,0.833491086959839
347,0.667915105819702,0.677168905735016,0.734132766723633,0.545454561710358,0.563421010971069,0.832962095737457
348,0.650436937808991,0.644912362098694,0.78167062997818,0.545454561710358,0.562894761562347,0.833132565021515
349,0.681647956371307,0.685062170028687,0.704786539077759,0.545454561710358,0.562894761562347,0.833079934120178
350,0.659176051616669,0.653120756149292,0.775952219963074,0.545454561710358,0.562631547451019,0.833075106143951
351,0.669163525104523,0.661654353141785,0.730916202068329,0.545454561710358,0.563157856464386,0.83284455537796
352,0.676654160022736,0.683048188686371,0.729004204273224,0.545454561710358,0.563947379589081,0.832778751850128
353,0.664169788360596,0.669046640396118,0.712367951869965,0.545454561710358,0.563684165477753,0.832482516765595
354,0.676654160022736,0.679451644420624,0.699661672115326,0.545454561710358,0.564999997615814,0.831917345523834
355,0.684144794940949,0.682789444923401,0.721867382526398,0.545454561710358,0.564473688602448,0.831532120704651
356,0.666666686534882,0.667208611965179,0.763159513473511,0.534090936183929,0.562631547451019,0.831415593624115
357,0.672908842563629,0.673240542411804,0.698446333408356,0.534090936183929,0.562631547451019,0.831241428852081
358,0.674157321453095,0.687646806240082,0.704047024250031,0.534090936183929,0.562368333339691,0.831471025943756
359,0.691635429859161,0.677275061607361,0.738143861293793,0.522727251052856,0.562631547451019,0.831319034099579
360,0.677902638912201,0.667819082736969,0.75019770860672,0.522727251052856,0.564210474491119,0.831092655658722
361,0.655430734157562,0.664716839790344,0.75917112827301,0.522727251052856,0.563684165477753,0.831241428852081
362,0.682896375656128,0.683648705482483,0.719713985919952,0.545454561710358,0.562105238437653,0.830533087253571
363,0.665418207645416,0.693307161331177,0.701199054718018,0.545454561710358,0.562631547451019,0.830416679382324
364,0.666666686534882,0.674279034137726,0.734586000442505,0.534090936183929,0.563684165477753,0.829967498779297
365,0.672908842563629,0.699488341808319,0.694462597370148,0.534090936183929,0.563684165477753,0.829235970973969
366,0.672908842563629,0.6811603307724,0.737928926944733,0.522727251052856,0.564210474491119,0.827870905399323
367,0.655430734157562,0.654520928859711,0.768643319606781,0.522727251052856,0.564473688602448,0.827127993106842
368,0.679151058197022,0.677772760391235,0.712390840053558,0.522727251052856,0.563947379589081,0.826296627521515
369,0.672908842563629,0.661379039287567,0.752924025058746,0.545454561710358,0.563947379589081,0.825051069259644
370,0.685393273830414,0.680529892444611,0.697933793067932,0.545454561710358,0.563684225082397,0.824515402317047
371,0.660424470901489,0.667430818080902,0.747554242610931,0.545454561710358,0.564473688602448,0.82401829957962
372,0.671660423278809,0.682822585105896,0.702622175216675,0.545454561710358,0.564473688602448,0.823122560977936
373,0.674157321453095,0.66691654920578,0.738693535327911,0.534090936183929,0.564736843109131,0.823144376277924
374,0.646691620349884,0.661485254764557,0.745536208152771,0.545454561710358,0.564210534095764,0.823105573654175
375,0.674157321453095,0.688068211078644,0.72266548871994,0.545454561710358,0.564210474491119,0.822471618652344
376,0.662921369075775,0.657696127891541,0.73939847946167,0.545454561710358,0.564736843109131,0.822281122207642
377,0.672908842563629,0.674640655517578,0.737883269786835,0.545454561710358,0.565526366233826,0.822145521640778
378,0.665418207645416,0.663217127323151,0.724469244480133,0.545454561710358,0.564736843109131,0.822108209133148
379,0.670412003993988,0.674096584320068,0.725939273834229,0.545454561710358,0.564210474491119,0.82238382101059
380,0.675405740737915,0.673960506916046,0.73772543668747,0.545454561710358,0.563947379589081,0.822337746620178
381,0.666666686534882,0.656558156013489,0.759332418441772,0.545454561710358,0.564736843109131,0.822748184204102
382,0.671660423278809,0.663001537322998,0.724151492118835,0.545454561710358,0.564999997615814,0.822209298610687
383,0.676654160022736,0.674517929553986,0.700756192207336,0.545454561710358,0.564210474491119,0.822654366493225
384,0.646691620349884,0.663137495517731,0.721626102924347,0.545454561710358,0.565526306629181,0.821912407875061
385,0.665418207645416,0.63516104221344,0.795188963413239,0.545454561710358,0.565263152122498,0.821223676204681
386,0.660424470901489,0.653671562671661,0.765684843063355,0.545454561710358,0.564999997615814,0.822090208530426
387,0.66167289018631,0.681326270103455,0.746644198894501,0.545454561710358,0.564210534095764,0.822599053382874
388,0.654182255268097,0.65849906206131,0.753044843673706,0.545454561710358,0.564736843109131,0.82258552312851
389,0.680399477481842,0.672726273536682,0.726048111915588,0.545454561710358,0.565263152122498,0.821915090084076
390,0.684144794940949,0.681585013866425,0.697329699993133,0.545454561710358,0.564736843109131,0.820912003517151
391,0.624219715595245,0.628770887851715,0.84072470664978,0.545454561710358,0.564736843109131,0.821265578269959
392,0.666666686534882,0.679574370384216,0.707360565662384,0.534090936183929,0.563947379589081,0.820921301841736
393,0.677902638912201,0.694471716880798,0.722651600837708,0.522727251052856,0.563947379589081,0.821574985980987
394,0.66167289018631,0.659487783908844,0.728904068470001,0.522727251052856,0.564473688602448,0.823111295700073
395,0.672908842563629,0.673250436782837,0.742168843746185,0.522727251052856,0.564473688602448,0.823439598083496
396,0.639200985431671,0.64426863193512,0.752127468585968,0.522727251052856,0.564473688602448,0.823641240596771
397,0.672908842563629,0.679259181022644,0.69845849275589,0.522727251052856,0.564210534095764,0.823763430118561
398,0.686641693115234,0.700629711151123,0.698038220405579,0.522727251052856,0.563947379589081,0.824609339237213
399,0.652933835983276,0.654869377613068,0.778103768825531,0.522727251052856,0.564473688602448,0.824294090270996
400,0.675405740737915,0.671346008777618,0.775686860084534,0.522727251052856,0.564473688602448,0.823608577251434
401,0.682896375656128,0.694053649902344,0.721582531929016,0.522727251052856,0.563684165477753,0.823489248752594
402,0.655430734157562,0.672434270381928,0.734596788883209,0.522727251052856,0.563947379589081,0.822831749916077
403,0.647940099239349,0.635884344577789,0.781637012958527,0.522727251052856,0.564473688602448,0.823584794998169
404,0.656679153442383,0.676628053188324,0.726826965808868,0.522727251052856,0.564473688602448,0.822312414646149
405,0.666666686534882,0.685281157493591,0.701270163059235,0.522727251052856,0.564473688602448,0.821866989135742
406,0.659176051616669,0.668598771095276,0.737022459506989,0.522727251052856,0.564210474491119,0.821111857891083
407,0.66167289018631,0.663582146167755,0.722426414489746,0.522727251052856,0.563947379589081,0.82031112909317
408,0.680399477481842,0.686266601085663,0.703140556812286,0.522727251052856,0.564999997615814,0.81942218542099
409,0.672908842563629,0.655499756336212,0.75253564119339,0.522727251052856,0.564210534095764,0.819507598876953
410,0.686641693115234,0.697219014167785,0.703200876712799,0.522727251052856,0.564210534095764,0.818980574607849
411,0.660424470901489,0.677434325218201,0.703945219516754,0.522727251052856,0.565263152122498,0.819087982177734
412,0.656679153442383,0.638070821762085,0.770329833030701,0.522727251052856,0.565263152122498,0.819223046302795
413,0.671660423278809,0.679013669490814,0.713014602661133,0.522727251052856,0.565263152122498,0.819208920001983
414,0.669163525104523,0.692016541957855,0.713127195835114,0.522727251052856,0.564736843109131,0.818657636642456
415,0.679151058197022,0.694086909294128,0.695848882198334,0.522727251052856,0.564736843109131,0.817526757717133
416,0.664169788360596,0.663147509098053,0.745757162570953,0.522727251052856,0.564736843109131,0.816001892089844
417,0.656679153442383,0.665552973747253,0.755159318447113,0.522727251052856,0.565526306629181,0.816721320152283
418,0.670412003993988,0.67214560508728,0.750489413738251,0.522727251052856,0.565526306629181,0.816346108913422
419,0.662921369075775,0.687507450580597,0.694410979747772,0.522727251052856,0.565789520740509,0.816045761108398
420,0.674157321453095,0.661624610424042,0.732308804988861,0.522727251052856,0.564999997615814,0.817153334617615
421,0.654182255268097,0.66928893327713,0.739894151687622,0.522727251052856,0.565263152122498,0.815735399723053
422,0.685393273830414,0.688167691230774,0.690808176994324,0.522727251052856,0.565526306629181,0.814796090126038
423,0.657927572727203,0.659185945987701,0.760847270488739,0.534090936183929,0.566578924655914,0.814323484897614
424,0.647940099239349,0.66620659828186,0.738214254379272,0.545454561710358,0.567894756793976,0.813255488872528
425,0.64918851852417,0.664484620094299,0.742642402648926,0.545454561710358,0.566842138767242,0.812285363674164
426,0.680399477481842,0.685702562332153,0.699549555778503,0.545454561710358,0.566842079162598,0.811427056789398
427,0.675405740737915,0.691658139228821,0.711272418498993,0.545454561710358,0.566315710544586,0.812001466751099
428,0.670412003993988,0.678870975971222,0.724034070968628,0.545454561710358,0.567368447780609,0.811742722988129
429,0.654182255268097,0.663386344909668,0.720942616462708,0.545454561710358,0.567894756793976,0.811520934104919
430,0.676654160022736,0.669763386249542,0.728010058403015,0.545454561710358,0.567105233669281,0.812581300735474
431,0.684144794940949,0.685327649116516,0.670694708824158,0.545454561710358,0.566842079162598,0.812281548976898
432,0.669163525104523,0.67578536272049,0.712225019931793,0.545454561710358,0.566578924655914,0.812247693538666
433,0.641697883605957,0.645403325557709,0.756258606910706,0.545454561710358,0.566578924655914,0.812765657901764
434,0.675405740737915,0.654345095157623,0.788406074047089,0.545454561710358,0.566842138767242,0.813811480998993
435,0.652933835983276,0.68416303396225,0.710589408874512,0.545454561710358,0.567631542682648,0.814411103725433
436,0.671660423278809,0.681628167629242,0.753253936767578,0.534090936183929,0.567894756793976,0.813780069351196
437,0.656679153442383,0.646796941757202,0.744751572608948,0.534090936183929,0.567105233669281,0.813514709472656
438,0.669163525104523,0.664106428623199,0.711868703365326,0.534090936183929,0.566842079162598,0.813318967819214
439,0.662921369075775,0.677241921424866,0.74045741558075,0.534090936183929,0.567368447780609,0.813431143760681
440,0.66167289018631,0.66635924577713,0.704846680164337,0.534090936183929,0.566842079162598,0.813406705856323
441,0.684144794940949,0.677517294883728,0.687455832958221,0.534090936183929,0.567368447780609,0.81412798166275
442,0.64918851852417,0.662765920162201,0.729769229888916,0.534090936183929,0.567368388175964,0.812379419803619
443,0.671660423278809,0.689776837825775,0.693046748638153,0.545454561710358,0.567631542682648,0.811734199523926
444,0.695380747318268,0.713343858718872,0.651747822761535,0.545454561710358,0.568157851696014,0.811133563518524
445,0.680399477481842,0.68746429681778,0.684121251106262,0.534090936183929,0.567105233669281,0.811190664768219
446,0.677902638912201,0.660443365573883,0.727224588394165,0.534090936183929,0.567105233669281,0.811137974262237
447,0.675405740737915,0.686226844787598,0.724705934524536,0.545454561710358,0.568157911300659,0.810523629188538
448,0.676654160022736,0.705961585044861,0.638828575611115,0.545454561710358,0.567631542682648,0.811256587505341
449,0.691635429859161,0.699667572975159,0.687641143798828,0.545454561710358,0.567631542682648,0.811181128025055
450,0.70037454366684,0.67774623632431,0.720317244529724,0.545454561710358,0.567368447780609,0.811603903770447
451,0.691635429859161,0.693383455276489,0.751897871494293,0.545454561710358,0.567631542682648,0.809175431728363
452,0.685393273830414,0.683283805847168,0.703147888183594,0.545454561710358,0.567631602287293,0.807728350162506
453,0.695380747318268,0.676558375358581,0.709478378295898,0.545454561710358,0.567894756793976,0.807586848735809
454,0.641697883605957,0.659487843513489,0.724251866340637,0.545454561710358,0.568157851696014,0.807093679904938
455,0.674157321453095,0.680168330669403,0.710816144943237,0.545454561710358,0.569473683834076,0.806463778018951
456,0.679151058197022,0.699186444282532,0.696148693561554,0.534090936183929,0.569210529327393,0.806729853153229
457,0.671660423278809,0.689249396324158,0.703755378723145,0.545454561710358,0.568947374820709,0.806340277194977
458,0.652933835983276,0.657410800457001,0.711864769458771,0.545454561710358,0.569473683834076,0.805780053138733
459,0.685393273830414,0.684252619743347,0.729565918445587,0.545454561710358,0.569473683834076,0.804868340492249
460,0.651685416698456,0.663618683815002,0.741533637046814,0.534090936183929,0.568157851696014,0.805946707725525
461,0.680399477481842,0.666063964366913,0.743036985397339,0.534090936183929,0.568421065807343,0.805222749710083
462,0.63670414686203,0.659959018230438,0.751163184642792,0.534090936183929,0.568947374820709,0.805005490779877
463,0.63670414686203,0.640307128429413,0.764116287231445,0.534090936183929,0.568947374820709,0.805246889591217
464,0.670412003993988,0.663840889930725,0.732582330703735,0.522727251052856,0.567631542682648,0.805732011795044
465,0.684144794940949,0.696767687797546,0.700571835041046,0.522727251052856,0.569473683834076,0.804820001125336
466,0.637952566146851,0.646053731441498,0.765630125999451,0.522727251052856,0.567894756793976,0.804082453250885
467,0.677902638912201,0.669962465763092,0.706291198730469,0.534090936183929,0.568157911300659,0.803963899612427
468,0.679151058197022,0.691326379776001,0.68570077419281,0.534090936183929,0.568421065807343,0.80454695224762
469,0.665418207645416,0.667205333709717,0.749850332736969,0.534090936183929,0.568421065807343,0.804415285587311
470,0.680399477481842,0.688088059425354,0.705511748790741,0.522727251052856,0.569736897945404,0.804325461387634
471,0.667915105819702,0.688559234142303,0.703101396560669,0.522727251052856,0.569999992847443,0.803665518760681
472,0.669163525104523,0.679143071174622,0.71477085351944,0.522727251052856,0.569999992847443,0.804538190364838
473,0.687890112400055,0.715901970863342,0.638897955417633,0.522727251052856,0.570526301860809,0.804410696029663
474,0.647940099239349,0.684846520423889,0.713561296463013,0.522727251052856,0.569999992847443,0.804835379123688
475,0.672908842563629,0.686551928520203,0.72378146648407,0.534090936183929,0.569473683834076,0.804440557956696
476,0.675405740737915,0.683509349822998,0.726064741611481,0.534090936183929,0.569736838340759,0.80460661649704
477,0.677902638912201,0.682975232601166,0.702452421188355,0.522727251052856,0.569999992847443,0.804538309574127
